Reference of VulnerabilityHunter coding rule violations,,,,,
Name,Abbreviation,Abbreviation,,Prio.,
Command Injection,VH_CI,VH_CI,VULNERABILITY,Blocker,
Cross-Site Scripting,VH_XSS,VH_XSS,VULNERABILITY,Blocker,
HTTP Response Splitting,VH_HTTPRS,VH_HTTPRS,VULNERABILITY,Blocker,
LDAP Injection,VH_LDAPI,VH_LDAPI,VULNERABILITY,Blocker,
Path Traversal,VH_PT,VH_PT,VULNERABILITY,Blocker,
SQL Injection,VH_SQLI,VH_SQLI,VULNERABILITY,Blocker,
,,,,,
Reference of RTEHunter coding rule violations,,,,,
Name,Abbreviation,Abbreviation,,Prio.,
NullPointerException,RH_NPE,RH_NPE,BUG,Blocker,
DivisionByZero,RH_DBZ,RH_DBZ,BUG,Blocker,
ArrayIndexOutOfBounds,RH_IOB,RH_IOB,BUG,Blocker,
NegativeArraySize,RH_NAS,RH_NAS,BUG,Blocker,
,,,,,
Reference of AndroidHunter coding rule violations,,,,,
Name,Abbreviation,Abbreviation,,Prio.,
Call Super First,AH_CSF,AH_CSF,BUG,Major,
Call Super Last,AH_CSL,AH_CSL,BUG,Major,
Database Name Should Be Final,AH_DNSBF,AH_DNSBF,CODE_SMELL,Minor,
Do Not Open Database In ContentProvider,AH_DNODICP,AH_DNODICP,CODE_SMELL,Minor,
Do not hard code the SD card,AH_DNHCSDC,AH_DNHCSDC,BUG,Critical,
Is Super Called,AH_ISC,AH_ISC,BUG,Critical,
Is Super Called Fragment,AH_ISCF,AH_ISCF,BUG,Critical,
Missing Remove Updates,AH_MRU,AH_MRU,BUG,Critical,
Missing Unregister Receiver In Activity,AH_MURIA,AH_MURIA,BUG,Critical,
Resource Release In The Wrong Place,AH_RRITWP,AH_RRITWP,BUG,Critical,
,,,,,
Reference of FaultHunter coding rule violations,,,,,
Category,Name,Abbreviation,,Prio.,
Basic Rules,Big Integer Instantiation,FH_BII,CODE_SMELL,Minor,
,Boolean Instantiation,FH_BI,CODE_SMELL,Minor,
,Do Not Use NamedQuery Annotation,FH_DNUNQA,CODE_SMELL,Major,
,Empty Catch Block,FH_ECB,CODE_SMELL,Critical,
,Empty Finally Block,FH_EFB,CODE_SMELL,Minor,
,Empty If Stmt,FH_EIS,CODE_SMELL,Major,
,Empty Switch Statements,FH_ESS,CODE_SMELL,Major,
,Empty Synchronized Block,FH_ESB,CODE_SMELL,Major,
,Empty Try Block,FH_ETB,CODE_SMELL,Major,
,Empty While Stmt,FH_EWS,CODE_SMELL,Critical,
,Useless Overriding Method,FH_UOM,CODE_SMELL,Minor,
Brace Rules,For Loops Must Use Braces,FH_FLMUB,CODE_SMELL,Minor,
,If Else Stmts Must Use Braces,FH_IESMUB,CODE_SMELL,Minor,
,While Loops Must Use Braces,FH_WLMUB,CODE_SMELL,Minor,
Design Rules,Assignment In Operand,FH_AIO,CODE_SMELL,Minor,
,Avoid Deeply Nested If Stmts,FH_ADNIS,CODE_SMELL,Minor,
,Avoid Instanceof Checks In Catch Clause,FH_AICICC,CODE_SMELL,Major,
,Close Resource,FH_ClR,BUG,Critical,
,Default Label Not Last In Switch Stmt,FH_DLNLISS,CODE_SMELL,Minor,
,Equal Method Returns Constant,FH_EMRC,BUG,Minor,
,Hide Field,FH_HF,CODE_SMELL,Minor,
,Missing Break In Switch,FH_MBIS,CODE_SMELL,Critical,
,Missing Null Check In ToString,FH_MNCTS,BUG,Minor,
,Non Final Static Variable Must Be In Synchronized Block,FH_NFSVMBSB,BUG,Minor,
,Position Literals First In Case Insensitive Comparisons,FH_PLFICIC,CODE_SMELL,Critical,
,Position Literals First In Comparisons,FH_PLFIC,CODE_SMELL,Critical,
,Preserve Stack Trace,FH_PST,CODE_SMELL,Major,
,Simple Date Format Needs Locale,FH_SDFNL,CODE_SMELL,Minor,
,Simplify Conditional,FH_SC,CODE_SMELL,Minor,
,Switch Stmts Should Have Default,FH_SSSHD,CODE_SMELL,Major,
,Too Many Returns,FH_TMR,CODE_SMELL,Minor,
,Uncommented Empty Method,FH_UEM,CODE_SMELL,Minor,
,Unnecessary Local Before Return,FH_ULBR,CODE_SMELL,Minor,
,Use Locale With Case Conversions,FH_ULWCC,BUG,Critical,
Empty Code Rules,Empty Override Block,FH_EOB,CODE_SMELL,Minor,
J2EE Rules,Do Not Call Runtime exec,FH_DNCRE,TODO,Critical,
Java Logging Rules,Avoid Print Stack Trace,FH_APST,CODE_SMELL,Major,
,System Println,FH_SP,CODE_SMELL,Minor,
JavaBean Rules,Do Not Create Threads In EJB,FH_DNCTIEJB,BUG,Critical,
,Do Not Use Local Files In EJB,FH_DNULFIEJB,BUG,Critical,
,Do Not Use Synchronized In EJB,FH_DNUSIEJB,BUG,Critical,
Migration Rules,Byte Instantiation,FH_ByI,CODE_SMELL,Minor,
,Integer Instantiation,FH_II,CODE_SMELL,Minor,
,Long Instantiation,FH_LoI,CODE_SMELL,Minor,
,Replace Hashtable With Map,FH_RHWM,CODE_SMELL,Minor,
,Replace Vector With List,FH_RVWL,CODE_SMELL,Minor,
,Short Instantiation,FH_SI,CODE_SMELL,Minor,
Naming Rules,Boolean Get Method Name,FH_BGMN,CODE_SMELL,Minor,
,Method Naming Conventions,FH_MeNC,CODE_SMELL,Minor,
,Method With Same Name As Enclosing Class,FH_MWSNAEC,CODE_SMELL,Minor,
,Short Method Name,FH_SMN,CODE_SMELL,Minor,
,Suspicious Hashcode Method Name,FH_SHMN,CODE_SMELL,Critical,
Optimization Rules,Add Empty String,FH_AES,CODE_SMELL,Minor,
,Use Array List Instead Of Vector,FH_UALIOV,CODE_SMELL,Minor,
,Use String Buffer For String Appends,FH_USBFSA,CODE_SMELL,Major,
Security Code Guideline Rules,Array Is Stored Directly,FH_AISD,BUG,Major,
Strict Exception Rules,Avoid Catching NPE,FH_ACNPE,BUG,Critical,
,Avoid Catching Throwable,FH_ACT,BUG,Major,
,Avoid Rethrowing Exception,FH_ARE,CODE_SMELL,Minor,
,Avoid Throwing Null Pointer Exception,FH_ATNPE,CODE_SMELL,Critical,
,Avoid Throwing Raw Exception Types,FH_ATRET,CODE_SMELL,Major,
String and StringBuffer Rules,Use Equals To Compare Strings,FH_UETCS,BUG,Critical,
Type Resolution Rules,Loose Coupling,FH_LoC,CODE_SMELL,Major,
,Unused Imports,FH_UnI,CODE_SMELL,Minor,
Unnecessary and Unused Code Rules,Unused Local Variable,FH_ULV,CODE_SMELL,Major,
,Unused Private Field,FH_UPF,CODE_SMELL,Major,
,Unused Private Method,FH_UPM,CODE_SMELL,Major,
,,,,,
Reference of PMD coding rule violations,,,,,
Category,Name,Abbreviation,,Prio.,
Basic Rules,Avoid Branching Statement As Last In Loop,PMD_ABSALIL,CODE_SMELL,Major,
,Avoid Decimal Literals In Big Decimal Constructor,PMD_ADLIBDC,BUG,Critical,
,Avoid Multiple Unary Operators,PMD_AMUO,CODE_SMELL,Major,
,Avoid Thread Group,PMD_ATG,BUG,Critical,
,Avoid Using Hard Coded IP,PMD_AUHCIP,CODE_SMELL,Major,
,Avoid Using Octal Values,PMD_AUOV,BUG,Critical,
,Big Integer Instantiation,PMD_BII,CODE_SMELL,Minor,
,Boolean Instantiation,PMD_BI,CODE_SMELL,Minor,
,Broken Null Check,PMD_BNC,BUG,Critical,
,Check Result Set,PMD_CRS,BUG,Critical,
,Check Skip Result,PMD_CSR,CODE_SMELL,Critical,
,Class Cast Exception With To Array,PMD_CCEWTA,BUG,Critical,
,Collapsible If Statements,PMD_CIS,CODE_SMELL,Minor,
,Dont Call Thread Run,PMD_DCTR,BUG,Critical,
,Dont Use Float Type For Loop Indices,PMD_DUFTFLI,BUG,Critical,
,Double Checked Locking,PMD_DCL,BUG,Critical,
,Empty Catch Block,PMD_ECB,BUG,Critical,
,Empty Finally Block,PMD_EFB,CODE_SMELL,Minor,
,Empty If Stmt,PMD_EIS,CODE_SMELL,Major,
,Empty Statement Block,PMD_EmSB,CODE_SMELL,Minor,
,Empty Statement Not In Loop,PMD_ESNIL,CODE_SMELL,Minor,
,Empty Static Initializer,PMD_ESI,CODE_SMELL,Minor,
,Empty Switch Statements,PMD_ESS,CODE_SMELL,Major,
,Empty Synchronized Block,PMD_ESB,CODE_SMELL,Major,
,Empty Try Block,PMD_ETB,CODE_SMELL,Major,
,Empty While Stmt,PMD_EWS,BUG,Critical,
,Extends Object,PMD_EO,CODE_SMELL,Minor,
,For Loop Should Be While Loop,PMD_FLSBWL,CODE_SMELL,Minor,
,Jumbled Incrementer,PMD_JI,BUG,Critical,
,Misplaced Null Check,PMD_MNC,BUG,Critical,
,Override Both Equals And Hashcode,PMD_OBEAH,BUG,Critical,
,Return From Finally Block,PMD_RFFB,BUG,Critical,
,Unconditional If Statement,PMD_UIS,BUG,Major,
,Unnecessary Conversion Temporary,PMD_UCT,CODE_SMELL,Minor,
,Unused Null Check In Equals,PMD_UNCIE,BUG,Critical,
,Useless Operation On Immutable,PMD_UOOI,BUG,Critical,
,Useless Overriding Method,PMD_UOM,CODE_SMELL,Minor,
Brace Rules,For Loops Must Use Braces,PMD_FLMUB,CODE_SMELL,Minor,
,If Else Stmts Must Use Braces,PMD_IESMUB,CODE_SMELL,Minor,
,If Stmts Must Use Braces,PMD_ISMUB,CODE_SMELL,Minor,
,While Loops Must Use Braces,PMD_WLMUB,CODE_SMELL,Minor,
Clone Implementation Rules,Clone Throws Clone Not Supported Exception,PMD_CTCNSE,BUG,Major,
,Proper Clone Implementation,PMD_PCI,BUG,Critical,
Controversial Rules,Assignment In Operand,PMD_AIO,CODE_SMELL,Minor,
,Avoid Accessibility Alteration,PMD_AAA,CODE_SMELL,Major,
,Avoid Prefixing Method Parameters,PMD_APMP,CODE_SMELL,Minor,
,Avoid Using Native Code,PMD_AUNC,CODE_SMELL,Major,
,Default Package,PMD_DP,CODE_SMELL,Minor,
,Do Not Call Garbage Collection Explicitly,PMD_DNCGCE,CODE_SMELL,Major,
,Dont Import Sun,PMD_DIS,BUG,Major,
,One Declaration Per Line,PMD_ODPL,CODE_SMELL,Minor,
,Suspicious Octal Escape,PMD_SOE,CODE_SMELL,Major,
,Unnecessary Constructor,PMD_UC,CODE_SMELL,Minor,
Design Rules,Abstract Class Without Abstract Method,PMD_ACWAM,CODE_SMELL,Minor,
,Abstract Class Without Any Method,PMD_AbCWAM,CODE_SMELL,Minor,
,Assignment To Non Final Static,PMD_ATNFS,BUG,Critical,
,Avoid Constants Interface,PMD_ACI,CODE_SMELL,Minor,
,Avoid Instanceof Checks In Catch Clause,PMD_AICICC,CODE_SMELL,Major,
,Avoid Protected Field In Final Class,PMD_APFIFC,CODE_SMELL,Minor,
,Avoid Protected Method In Final Class Not Extending,PMD_APMIFCNE,CODE_SMELL,Minor,
,Avoid Reassigning Parameters,PMD_ARP,CODE_SMELL,Minor,
,Avoid Synchronized At Method Level,PMD_ASAML,CODE_SMELL,Minor,
,Bad Comparison,PMD_BC,BUG,Critical,
,Class With Only Private Constructors Should Be Final,PMD_CWOPCSBF,CODE_SMELL,Minor,
,Close Resource,PMD_ClR,BUG,Critical,
,Constructor Calls Overridable Method,PMD_CCOM,BUG,Critical,
,Default Label Not Last In Switch Stmt,PMD_DLNLISS,CODE_SMELL,Minor,
,Empty Method In Abstract Class Should Be Abstract,PMD_EMIACSBA,BUG,Major,
,Equals Null,PMD_EN,BUG,Critical,
,Field Declarations Should Be At Start Of Class,PMD_FDSBASOC,CODE_SMELL,Minor,
,Final Field Could Be Static,PMD_FFCBS,CODE_SMELL,Minor,
,Idempotent Operations,PMD_IO,BUG,Major,
,Immutable Field,PMD_IF,CODE_SMELL,Minor,
,Instantiation To Get Class,PMD_ITGC,CODE_SMELL,Major,
,Logic Inversion,PMD_LI,CODE_SMELL,Minor,
,Missing Break In Switch,PMD_MBIS,BUG,Critical,
,Missing Static Method In Non Instantiatable Class,PMD_MSMINIC,BUG,Minor,
,Non Case Label In Switch Statement,PMD_NCLISS,CODE_SMELL,Critical,
,Non Static Initializer,PMD_NSI,CODE_SMELL,Critical,
,Non Thread Safe Singleton,PMD_NTSS,CODE_SMELL,Critical,
,Optimizable To Array Call,PMD_OTAC,CODE_SMELL,Major,
,Position Literals First In Case Insensitive Comparisons,PMD_PLFICIC,BUG,Critical,
,Position Literals First In Comparisons,PMD_PLFIC,BUG,Critical,
,Preserve Stack Trace,PMD_PST,CODE_SMELL,Major,
,Return Empty Array Rather Than Null,PMD_REARTN,CODE_SMELL,Major,
,Simple Date Format Needs Locale,PMD_SDFNL,CODE_SMELL,Minor,
,Simplify Boolean Expressions,PMD_SBE,CODE_SMELL,Minor,
,Simplify Boolean Returns,PMD_SBR,CODE_SMELL,Minor,
,Simplify Conditional,PMD_SC,CODE_SMELL,Minor,
,Singular Field,PMD_SF,CODE_SMELL,Major,
,Switch Stmts Should Have Default,PMD_SSSHD,BUG,Major,
,Too Few Branches For ASwitch Statement,PMD_TFBFASS,CODE_SMELL,Minor,
,Uncommented Empty Constructor,PMD_UEC,CODE_SMELL,Minor,
,Uncommented Empty Method,PMD_UEM,CODE_SMELL,Minor,
,Unnecessary Local Before Return,PMD_ULBR,CODE_SMELL,Minor,
,Unsynchronized Static Date Formatter,PMD_USDF,BUG,Critical,
,Use Collection Is Empty,PMD_UCIE,CODE_SMELL,Major,
,Use Locale With Case Conversions,PMD_ULWCC,BUG,Critical,
,Use Notify All Instead Of Notify,PMD_UNAION,BUG,Critical,
,Use Varargs,PMD_UV,CODE_SMELL,Minor,
Finalizer Rules,Avoid Calling Finalize,PMD_ACF,BUG,Major,
,Empty Finalizer,PMD_EF,CODE_SMELL,Minor,
,Finalize Does Not Call Super Finalize,PMD_FDNCSF,BUG,Critical,
,Finalize Only Calls Super Finalize,PMD_FOCSF,CODE_SMELL,Minor,
,Finalize Overloaded,PMD_FO,BUG,Critical,
,Finalize Should Be Protected,PMD_FSBP,BUG,Critical,
Import Statement Rules,Dont Import Java Lang,PMD_DIJL,CODE_SMELL,Minor,
,Duplicate Imports,PMD_DI,CODE_SMELL,Minor,
,Import From Same Package,PMD_IFSP,CODE_SMELL,Minor,
,Too Many Static Imports,PMD_TMSI,CODE_SMELL,Major,
,Unnecessary Fully Qualified Name,PMD_UFQN,CODE_SMELL,Minor,
J2EE Rules,Do Not Call System Exit,PMD_DNCSE,BUG,Critical,
,Local Home Naming Convention,PMD_LHNC,BUG,Major,
,Local Interface Session Naming Convention,PMD_LISNC,BUG,Major,
,MDBAnd Session Bean Naming Convention,PMD_MDBASBNC,BUG,Major,
,Remote Interface Naming Convention,PMD_RINC,CODE_SMELL,Major,
,Remote Session Interface Naming Convention,PMD_RSINC,BUG,Major,
,Static EJBField Should Be Final,PMD_SEJBFSBF,BUG,Critical,
JUnit Rules,JUnit Assertions Should Include Message,PMD_JUASIM,BUG,Minor,
,JUnit Spelling,PMD_JUS,BUG,Critical,
,JUnit Static Suite,PMD_JUSS,BUG,Critical,
,JUnit Test Contains Too Many Asserts,PMD_JUTCTMA,CODE_SMELL,Minor,
,JUnit Tests Should Include Assert,PMD_JUTSIA,CODE_SMELL,Major,
,Simplify Boolean Assertion,PMD_SBA,BUG,Minor,
,Test Class Without Test Cases,PMD_TCWTC,CODE_SMELL,Minor,
,Unnecessary Boolean Assertion,PMD_UBA,BUG,Minor,
,Use Assert Equals Instead Of Assert True,PMD_UAEIOAT,BUG,Major,
,Use Assert Null Instead Of Assert True,PMD_UANIOAT,BUG,Minor,
,Use Assert Same Instead Of Assert True,PMD_UASIOAT,BUG,Minor,
,Use Assert True Instead Of Assert Equals,PMD_UATIOAE,BUG,Minor,
Jakarta Commons Logging Rules,Guard Debug Logging,PMD_GDL,CODE_SMELL,Major,
,Guard Log Statement,PMD_GLS,CODE_SMELL,Minor,
,Proper Logger,PMD_PL,CODE_SMELL,Minor,
,Use Correct Exception Logging,PMD_UCEL,BUG,Major,
Java Logging Rules,Avoid Print Stack Trace,PMD_APST,BUG,Major,
,Guard Log Statement Java Util,PMD_GLSJU,CODE_SMELL,Minor,
,Logger Is Not Static Final,PMD_LINSF,CODE_SMELL,Minor,
,More Than One Logger,PMD_MTOL,BUG,Major,
,System Println,PMD_SP,CODE_SMELL,Major,
JavaBean Rules,Missing Serial Version UID,PMD_MSVUID,BUG,Major,
Naming Rules,Avoid Dollar Signs,PMD_ADS,BUG,Minor,
,Avoid Field Name Matching Method Name,PMD_AFNMMN,CODE_SMELL,Minor,
,Avoid Field Name Matching Type Name,PMD_AFNMTN,CODE_SMELL,Minor,
,Boolean Get Method Name,PMD_BGMN,CODE_SMELL,Minor,
,Class Naming Conventions,PMD_CNC,CODE_SMELL,Minor,
,Generics Naming,PMD_GN,CODE_SMELL,Minor,
,Method Naming Conventions,PMD_MeNC,CODE_SMELL,Minor,
,Method With Same Name As Enclosing Class,PMD_MWSNAEC,CODE_SMELL,Minor,
,No Package,PMD_NP,CODE_SMELL,Minor,
,Package Case,PMD_PC,CODE_SMELL,Minor,
,Short Class Name,PMD_SCN,CODE_SMELL,Minor,
,Short Method Name,PMD_SMN,CODE_SMELL,Minor,
,Suspicious Constant Field Name,PMD_SCFN,CODE_SMELL,Minor,
,Suspicious Equals Method Name,PMD_SEMN,BUG,Critical,
,Suspicious Hashcode Method Name,PMD_SHMN,BUG,Critical,
,Variable Naming Conventions,PMD_VNC,CODE_SMELL,Minor,
Optimization Rules,Add Empty String,PMD_AES,CODE_SMELL,Minor,
,Avoid Array Loops,PMD_AAL,CODE_SMELL,Major,
,Redundant Field Initializer,PMD_RFI,CODE_SMELL,Minor,
,Unnecessary Wrapper Object Creation,PMD_UWOC,BUG,Major,
,Use Array List Instead Of Vector,PMD_UALIOV,CODE_SMELL,Minor,
,Use Arrays As List,PMD_UAAL,CODE_SMELL,Major,
,Use String Buffer For String Appends,PMD_USBFSA,CODE_SMELL,Major,
Security Code Guideline Rules,Array Is Stored Directly,PMD_AISD,BUG,Major,
,Method Returns Internal Array,PMD_MRIA,VULNERABILITY,Major,
Strict Exception Rules,Avoid Catching Generic Exception,PMD_ACGE,BUG,Major,
,Avoid Catching NPE,PMD_ACNPE,BUG,Critical,
,Avoid Catching Throwable,PMD_ACT,BUG,Major,
,Avoid Losing Exception Information,PMD_ALEI,BUG,Major,
,Avoid Rethrowing Exception,PMD_ARE,CODE_SMELL,Minor,
,Avoid Throwing New Instance Of Same Exception,PMD_ATNIOSE,BUG,Minor,
,Avoid Throwing Null Pointer Exception,PMD_ATNPE,CODE_SMELL,Critical,
,Avoid Throwing Raw Exception Types,PMD_ATRET,CODE_SMELL,Major,
,Do Not Extend Java Lang Error,PMD_DNEJLE,BUG,Critical,
,Do Not Throw Exception In Finally,PMD_DNTEIF,BUG,Critical,
,Exception As Flow Control,PMD_EAFC,BUG,Major,
String and StringBuffer Rules,Avoid Duplicate Literals,PMD_ADL,CODE_SMELL,Major,
,Avoid String Buffer Field,PMD_ASBF,CODE_SMELL,Minor,
,Consecutive Appends Should Reuse,PMD_CASR,CODE_SMELL,Minor,
,Consecutive Literal Appends,PMD_CLA,CODE_SMELL,Minor,
,Inefficient String Buffering,PMD_ISB,CODE_SMELL,Minor,
,String Buffer Instantiation With Char,PMD_SBIWC,BUG,Critical,
,String Instantiation,PMD_StI,CODE_SMELL,Minor,
,String To String,PMD_STS,CODE_SMELL,Minor,
,Unnecessary Case Change,PMD_UCC,CODE_SMELL,Minor,
,Use Equals To Compare Strings,PMD_UETCS,BUG,Critical,
Type Resolution Rules,Clone Method Must Implement Cloneable,PMD_ClMMIC,BUG,Major,
,Loose Coupling,PMD_LoC,CODE_SMELL,Major,
,Signature Declare Throws Exception,PMD_SiDTE,CODE_SMELL,Major,
,Unused Imports,PMD_UnI,CODE_SMELL,Minor,
Unnecessary and Unused Code Rules,Unused Local Variable,PMD_ULV,CODE_SMELL,Major,
,Unused Private Field,PMD_UPF,CODE_SMELL,Major,
,Unused Private Method,PMD_UPM,CODE_SMELL,Major,
,,,,,
Reference of FindBugs coding rule violations,,,,,
Category,Name,Abbreviation,,Prio.,
Bad Practice Rules,Abstract Self,FB_EAS,BUG,Major,
,Bad Field,FB_SBF,BUG,Major,
,Bad Field Inner Class,FB_SBFIC,BUG,Minor,
,Bad Field Store,FB_SBFS,BUG,Critical,
,Boolean Return Null,FB_NBRN,BUG,Major,
,Check For Operand Not Compatible With This,FB_ECFONCWT,CODE_SMELL,Major,
,Class Naming Convention,FB_CNC,CODE_SMELL,Major,
,Class Not Exception,FB_NCNE,CODE_SMELL,Major,
,Clone Could Return Null,FB_REARTN,CODE_SMELL,Critical,
,Comparator Should Be Serializable,FB_SCSBS,CODE_SMELL,Major,
,Compareto Use Object Equals,FB_ECUOE,BUG,Critical,
,Comparing Parameter String With Eq,FB_ECPSWE,CODE_SMELL,Major,
,Comparing Strings With Eq,FB_ECSWE,CODE_SMELL,Major,
,Confusing,FB_NC,CODE_SMELL,Major,
,Creates Empty Jar File Entry,FB_ACEJFE,CODE_SMELL,Major,
,Creates Empty Zip File Entry,FB_ACEZFE,CODE_SMELL,Major,
,Dont Catch Imse,FB_IDCI,CODE_SMELL,Major,
,Dont Reuse Entry Objects In Iterators,FB_PDREOII,BUG,Major,
,Empty,FB_EF,CODE_SMELL,Major,
,Entry Sets May Reuse Entry Objects,FB_DESMREO,BUG,Major,
,Equals Method Should Work For All Objects,FB_BEMSWFAO,CODE_SMELL,Critical,
,Equals No Hashcode,FB_HENH,BUG,Major,
,Equals Should Handle Null Argument,FB_UNCIE,BUG,Critical,
,Equals Use Hashcode,FB_HEUH,BUG,Critical,
,Exit,FB_DNCSE,CODE_SMELL,Major,
,Explicit Invocation,FB_ACF,BUG,Major,
,Field Isnt Final In Immutable Class,FB_JFIFIIC,CODE_SMELL,Minor,
,Field Naming Convention,FB_NFNC,CODE_SMELL,Major,
,Finalizer Nulls Fields,FB_FFNF,BUG,Major,
,Finalizer Only Nulls Fields,FB_FFONF,CODE_SMELL,Major,
,Format String Uses Newline,FB_VFSUN,CODE_SMELL,Major,
,Future Keyword Used As Identifier,FB_NFKUAI,BUG,Major,
,Future Keyword Used As Member Identifier,FB_NFKUAMI,BUG,Major,
,Getclass And Class Constant,FB_EGACC,BUG,Critical,
,Hashcode No Equals,FB_HHNE,BUG,Critical,
,Hashcode Use Object Equals,FB_HHUOE,BUG,Critical,
,Idiom,FB_ClMMIC,BUG,Major,
,Idiom No Super Call,FB_PCI,BUG,Major,
,Implements Clone But Not Cloneable,FB_CICBNC,CODE_SMELL,Major,
,Inheritance Unsafe Getresource,FB_UIUG,CODE_SMELL,Major,
,Inherits Equals Use Hashcode,FB_HIEUH,BUG,Critical,
,Inner Class,FB_SIC,CODE_SMELL,Major,
,Instance Before Finals Assigned,FB_SIBFA,BUG,Critical,
,Instantiate Static Class,FB_IISC,CODE_SMELL,Major,
,Method Naming Convention,FB_MeNC,CODE_SMELL,Major,
,Might Drop,FB_DMD,BUG,Major,
,Might Ignore,FB_DMI,BUG,Major,
,Missing Super Call,FB_FDNCSF,BUG,Major,
,Negating Result Of Compareto,FB_RNROC,CODE_SMELL,Minor,
,No Serialversionid,FB_MSVUID,BUG,Major,
,No Such Element,FB_INSE,BUG,Minor,
,No Suitable Constructor,FB_SNSC,BUG,Major,
,No Suitable Constructor For Externalization,FB_SNSCFE,BUG,Major,
,Nonfinal Serialversionid,FB_SNS,BUG,Critical,
,Nonlong Serialversionid,FB_SeNS,BUG,Major,
,Nonstatic Serialversionid,FB_SeNoS,BUG,Major,
,Not Checked,FB_SNC,BUG,Major,
,Nullify Super,FB_FNS,BUG,Critical,
,Open Database Resource,FB_OODR,BUG,Critical,
,Open Database Resource Exception Path,FB_OODREP,BUG,Critical,
,Open Stream,FB_OOS,BUG,Critical,
,Open Stream Exception Path,FB_OOSEP,BUG,Critical,
,Random Used Only Once,FB_DRUOO,BUG,Critical,
,Read Resolve Must Return Object,FB_SRRMRO,BUG,Major,
,Ref Comparison Bad Practice,FB_RRCBP,BUG,Major,
,Ref Comparison Bad Practice Boolean,FB_RRCBPB,BUG,Major,
,Return Value Ignored Bad Practice,FB_RRVIBP,BUG,Major,
,Rough Constant Value,FB_CRCV,CODE_SMELL,Major,
,Run Finalizers On Exit,FB_DRFOE,BUG,Major,
,Same Simple Name As Interface,FB_NSSNAI,CODE_SMELL,Major,
,Same Simple Name As Superclass,FB_NSSNAS,CODE_SMELL,Major,
,Self No Object,FB_ESNO,BUG,Major,
,Signed Check,FB_BSC,BUG,Critical,
,Store Of Non Serializable Object Into Session,FB_JSONSOIS,BUG,Critical,
,Superclass Uses Subclass During Initialization,FB_ISUSDI,BUG,Major,
,Swing Methods Invoked In Swing Thread,FB_SSMIIST,BUG,Major,
,Tostring Could Return Null,FB_NTCRN,BUG,Critical,
,Transient Field Not Restored,FB_STFNR,BUG,Major,
,Unchecked Type In Generic Call,FB_GUTIGC,BUG,Critical,
,Useless,FB_FU,CODE_SMELL,Minor,
,Using Removeall To Clear Collection,FB_DURTCC,CODE_SMELL,Critical,
,Very Confusing Intentional,FB_NVCI,CODE_SMELL,Major,
,Wrong Package Intentional,FB_NWPI,BUG,Major,
Correctness Rules,01 To Int,FB_R0TI,CODE_SMELL,Major,
,Absolute Value Of Hashcode,FB_RAVOH,BUG,Critical,
,Absolute Value Of Random Int,FB_RAVORI,BUG,Critical,
,Add Of Signed Byte,FB_BAOSB,BUG,Critical,
,Always False,FB_EAF,BUG,Blocker,
,Always Null,FB_NAN,BUG,Critical,
,Always Null Exception,FB_NANE,BUG,Critical,
,Always True,FB_EAT,BUG,Blocker,
,Always Value Used Where Never Required,FB_TAVUWNR,BUG,Critical,
,And,FB_BA,BUG,Critical,
,And Zz,FB_BAZ,BUG,Critical,
,Annotation Is Not Visible To Reflection,FB_DAINVTR,CODE_SMELL,Major,
,Appending To Object Output Stream,FB_IATOOS,BUG,Critical,
,Argument Might Be Null,FB_NAMBN,BUG,Major,
,Arguments Wrong Order,FB_DAWO,BUG,Minor,
,Array And Nonarray,FB_EAAN,BUG,Critical,
,Assert Method Invoked From Run Method,FB_IAMIFRM,BUG,Critical,
,Bad Array Compare,FB_EBAC,BUG,Critical,
,Bad Comparison With Int Value,FB_IBCWIV,BUG,Major,
,Bad Comparison With Nonnegative Value,FB_IBCWNV,BUG,Critical,
,Bad Comparison With Signed Byte,FB_IBCWSB,BUG,Critical,
,Bad Equal,FB_NBE,BUG,Critical,
,Bad Month,FB_DBM,BUG,Critical,
,Bad Prepared Statement Access,FB_SBPSA,BUG,Critical,
,Bad Resultset Access,FB_SBRA,BUG,Critical,
,Bad Shift Amount,FB_IBSA,BUG,Critical,
,Bad Suite Method,FB_IBSM,BUG,Critical,
,Bad Syntax For Regular Expression,FB_RBSFRE,BUG,Critical,
,Badly Overridden Adapter,FB_BBOA,BUG,Critical,
,Bigdecimal Constructed From Double,FB_ADLIBDC,BUG,Major,
,Calling Next From Hasnext,FB_DCNFH,BUG,Critical,
,Cant Use File Separator As Regular Expression,FB_RCUFSARE,BUG,Critical,
,Check Compareto For Specific Return Value,FB_RCCFSRV,BUG,Major,
,Class Masks Field,FB_MCMF,BUG,Major,
,Closing Null,FB_NCN,BUG,Blocker,
,Collections Should Not Contain Themselves,FB_DCSNCT,BUG,Critical,
,Compareto Results Min Value,FB_CCRMV,CODE_SMELL,Major,
,Comparing Class Names,FB_ECCN,CODE_SMELL,Major,
,Comparing Values With Incompatible Type Qualifiers,FB_TCVWITQ,CODE_SMELL,Major,
,Container Added To Itself,FB_ICATI,BUG,Critical,
,Dead Local Increment In Return,FB_UPF,CODE_SMELL,Major,
,Dead Store Due To Switch Fallthrough,FB_SDSDTSF,CODE_SMELL,Critical,
,Dead Store Due To Switch Fallthrough To Throw,FB_SDSDTSFTT,CODE_SMELL,Critical,
,Dead Store Of Class Literal,FB_DDSOCL,BUG,Critical,
,Doh,FB_DmD,CODE_SMELL,Major,
,Dont Define Equals For Enum,FB_EDDEFE,CODE_SMELL,Major,
,Exception Not Thrown,FB_RENT,BUG,Critical,
,Field Self Assignment,FB_SFSA,CODE_SMELL,Critical,
,Field Self Comparison,FB_SFSC,CODE_SMELL,Critical,
,Field Self Computation,FB_SaFSC,CODE_SMELL,Critical,
,Format String Bad Argument,FB_VFSBA,BUG,Critical,
,Format String Bad Conversion,FB_VFSBC,BUG,Critical,
,Format String Bad Conversion From Array,FB_VFSBCFA,CODE_SMELL,Major,
,Format String Expected Message Format Supplied,FB_VFSEMFS,CODE_SMELL,Major,
,Format String Extra Arguments Passed,FB_VFSEAP,CODE_SMELL,Major,
,Format String Illegal,FB_VFSI,BUG,Critical,
,Format String Missing Argument,FB_VFSMA,BUG,Critical,
,Format String No Previous Argument,FB_VFSNPA,BUG,Critical,
,Futile Attempt To Change Maxpool Size Of Scheduled Thread Pool Executor,FB_DFATCMSOSTPE,CODE_SMELL,Minor,
,Guaranteed Deref,FB_NGD,BUG,Blocker,
,Guaranteed Deref On Exception Path,FB_NGDOEP,BUG,Critical,
,Impossible Cast,FB_BIC,BUG,Blocker,
,Impossible Downcast,FB_BID,BUG,Blocker,
,Impossible Downcast Of Toarray,FB_CCEWTA,BUG,Blocker,TYPO: toArray
,Impossible Instanceof,FB_BcII,CODE_SMELL,Critical,
,Incompatible Array Compare,FB_EIAC,BUG,Blocker,
,Infinite Loop,FB_IIL,CODE_SMELL,Critical,
,Infinite Recursive Loop,FB_IIRL,BUG,Critical,
,Int 2 Long As Instant,FB_II2LAI,BUG,Major,
,Int Cast To Double Passed To Ceil,FB_IICTDPTC,BUG,Critical,
,Int Cast To Float Passed To Round,FB_IICTFPTR,BUG,Critical,
,Interrupted On Currentthread,FB_SIOC,CODE_SMELL,Critical,
,Interrupted On Unknownthread,FB_SIOU,BUG,Critical,
,Invoking Hashcode On Array,FB_DIHOA,CODE_SMELL,Critical,
,Invoking Tostring On Anonymous Array,FB_DITOAA,CODE_SMELL,Critical,
,Invoking Tostring On Array,FB_DITOA,CODE_SMELL,Critical,
,Ior,FB_BiI,BUG,Critical,
,Ior Of Signed Byte,FB_BIOSB,BUG,Critical,
,Lcase Hashcode,FB_SHMN,CODE_SMELL,Critical,
,Lcase Tostring,FB_NLT,CODE_SMELL,Major,
,Local Self Assignment Instead Of Field,FB_SLSAIOF,BUG,Major,
,Local Self Comparison,FB_SLSC,BUG,Critical,
,Local Self Computation,FB_SaLSC,CODE_SMELL,Critical,
,Long Bits To Double Invoked On Int,FB_DLBTDIOI,BUG,Critical,
,Math Using Float Precision,FB_FMUFP,CODE_SMELL,Critical,
,Maybe Source Value Reaches Always Sink,FB_TMSVRAS,BUG,Critical,
,Maybe Source Value Reaches Never Sink,FB_TMSVRNS,BUG,Critical,
,Method Constructor Confusion,FB_MWSNAEC,CODE_SMELL,Major,
,Method Masks Field,FB_MMMF,CODE_SMELL,Major,
,Method Must Be Private,FB_SMMBP,CODE_SMELL,Major,
,Missing Expected Warning,FB_FMEW,?,Info,
,Multiplying Result Of Irem,FB_IMROI,CODE_SMELL,Critical,
,Never Value Used Where Always Required,FB_TNVUWAR,CODE_SMELL,Critical,
,No Tests,FB_INT,CODE_SMELL,Critical,
,Nonnull Field Not Initialized In Constructor,FB_NNFNIIC,BUG,Critical,
,Nonnull Param Violation,FB_NNPV,BUG,Critical,
,Nonnull Return Violation,FB_NNRV,BUG,Critical,
,Null Arg,FB_ENA,CODE_SMELL,Critical,
,Null Field,FB_UNF,CODE_SMELL,Critical,
,Null Instanceof,FB_NNI,CODE_SMELL,Blocker,
,Null On Some Path,FB_NNOSP,CODE_SMELL,Critical,
,Null On Some Path Exception,FB_NNOSPE,BUG,Critical,
,Null Param Deref,FB_NNPD,BUG,Critical,
,Null Param Deref All Targets Dangerous,FB_NNPDATD,BUG,Critical,
,Null Param Deref Nonvirtual,FB_NNPDN,BUG,Critical,
,Optional Return Null,FB_NORN,CODE_SMELL,Major,
,Other No Object,FB_EONO,CODE_SMELL,Major,
,Other Use Object,FB_EOUO,CODE_SMELL,Major,
,Overriding Equals Not Symmetric,FB_EOENS,CODE_SMELL,Major,
,Overwritten Increment,FB_DOI,CODE_SMELL,Critical,
,Parameter Is Dead But Overwritten,FB_IPIDBO,CODE_SMELL,Critical,
,Possible Unintended Pattern,FB_RPUP,CODE_SMELL,Critical,
,Primitive Array Passed To Object Vararg,FB_VPAPTOV,CODE_SMELL,Critical,
,Questionable Boolean Assignment,FB_QQBA,CODE_SMELL,Critical,
,Read Resolve Is Static,FB_SRRIS,BUG,Major,
,Redundant Nullcheck Would Have Been A Npe,FB_RRNWHBAN,CODE_SMELL,Critical,
,Ref Comparison,FB_RRC,CODE_SMELL,Critical,
,Repeated Conditional Test,FB_RRCT,CODE_SMELL,Major,
,Return Value Ignored,FB_RRVI,BUG,Minor,
,Scheduled Thread Pool Executor With Zero Core Threads,FB_DSTPEWZCT,CODE_SMELL,Minor,
,Self Use Object,FB_ESUO,CODE_SMELL,Major,
,Setup No Super,FB_ISNS,BUG,Critical,
,Signature Declares Hashing Of Unhashable Class,FB_HSDHOUC,CODE_SMELL,Critical,
,Signed Check High Bit,FB_BSCHB,BUG,Critical,
,Store Into Nonnull Field,FB_NSINF,BUG,Critical,
,Suite Not Static,FB_JUSS,CODE_SMELL,Critical,
,Superfluous Instanceof,FB_SSI,CODE_SMELL,Critical,
,Teardown No Super,FB_ITNS,BUG,Critical,
,Test If Equal To Not A Number,FB_BC,BUG,Critical,
,Threadlocal Deadly Embrace,FB_STDE,BUG,Major,
,Unboxed And Coerced For Ternary Operator,FB_BUACFTO,CODE_SMELL,Major,
,Uncallable Method Of Anonymous Class,FB_UUMOAC,CODE_SMELL,Critical,
,Unexpected Warning,FB_FUW,?,Info,
,Uninit Read,FB_UUR,CODE_SMELL,Major,
,Uninit Read Called From Super Constructor,FB_UURCFSC,CODE_SMELL,Major,
,Unknown Value Used Where Always Strictly Required,FB_TUVUWASR,BUG,Major,
,Unrelated Class And Interface,FB_EUCAI,CODE_SMELL,Critical,
,Unrelated Interfaces,FB_EUI,CODE_SMELL,Critical,
,Unrelated Types,FB_GUT,CODE_SMELL,Critical,
,Unrelated Types Using Pointer Equality,FB_EUTUPE,CODE_SMELL,Critical,
,Unwritten Field,FB_UwUF,CODE_SMELL,Minor,
,Use Of Unhashable Class,FB_HUOUC,BUG,Critical,
,Vacuous Call To Easymock Method,FB_DVCTEM,CODE_SMELL,Critical,
,Vacuous Self Collection Call,FB_DVSCC,CODE_SMELL,Critical,
,Very Confusing,FB_NVC,CODE_SMELL,Major,SAME as: FB_NVCI
,Wrong Package,FB_NWP,BUG,Major,SAME as: FB_NWPI
Dodgy Code Rules,Ambiguous Invocation Of Inherited Or Outer Method,FB_IAIOIOOM,CODE_SMELL,Major,
,Average Computation Could Overflow,FB_IACCO,CODE_SMELL,Critical,
,Bad Cast To Abstract Collection,FB_BBCTAC,CODE_SMELL,Major,
,Bad Cast To Concrete Collection,FB_BBCTCC,CODE_SMELL,Critical,
,Bad Check For Odd,FB_IBCFO,CODE_SMELL,Critical,
,Bad Rem By 1,FB_IBRB1,CODE_SMELL,Critical,
,Catch Exception,FB_RCE,CODE_SMELL,Major,
,Check For Positive Indexof,FB_RCFPI,CODE_SMELL,Minor,
,Confused Inheritance,FB_APFIFC,CODE_SMELL,Minor,
,Dangerous Non Short Circuit,FB_NDNSC,CODE_SMELL,Critical,
,Dead Local Store,FB_DDLS,CODE_SMELL,Critical,
,Dead Local Store In Return,FB_DDLSIR,CODE_SMELL,Critical,
,Dead Local Store Of Null,FB_DDLSON,CODE_SMELL,Critical,
,Dead Local Store Shadows Field,FB_DDLSSF,CODE_SMELL,Major,
,Dereference Of Readline Value,FB_NDORV,BUG,Critical,
,Doesnt Override Equals,FB_EDOE,CODE_SMELL,Critical,
,Dont Just Null Check Readline,FB_RDJNCR,CODE_SMELL,Major,
,Duplicate Branches,FB_DDB,CODE_SMELL,Critical,
,Duplicate Switch Clauses,FB_DDSC,CODE_SMELL,Critical,
,Explicit Unknown Source Value Reaches Always Sink,FB_TEUSVRAS,BUG,Critical,
,Explicit Unknown Source Value Reaches Never Sink,FB_TEUSVRNS,BUG,Critical,
,Field Double Assignment,FB_SFDA,CODE_SMELL,Critical,
,Field Not Initialized In Constructor,FB_UFNIIC,CODE_SMELL,Minor,
,Floating Point Equality,FB_FFPE,CODE_SMELL,Critical,
,Format String Bad Conversion To Boolean,FB_VFSBCTB,CODE_SMELL,Major,
,Hardcoded Absolute Filename,FB_DHAF,BUG,Critical,
,Idiv Cast To Double,FB_IICTD,CODE_SMELL,Critical,
,Immediate Dereference Of Readline,FB_NIDOR,CODE_SMELL,Critical,
,Init Circularity,FB_IIC,?,Critical,
,Integer Multiply Cast To Long,FB_IIMCTL,CODE_SMELL,Critical,
,Load Of Known Null Value,FB_NLOKNV,CODE_SMELL,Critical,
,Local Double Assignment,FB_SLDA,CODE_SMELL,Critical,
,Local Self Assignment,FB_SLSA,CODE_SMELL,Critical,
,Method Parameter Tightens Annotation,FB_NMPTA,BUG,Major,
,Method Return Relaxing Annotation,FB_NMRRA,BUG,Major,
,Non Short Circuit,FB_NNSC,CODE_SMELL,Major,
,Nonserializable Object Written,FB_DNOW,BUG,Critical,
,Null On Some Path From Return Value,FB_NNOSPFRV,BUG,Critical,
,Null On Some Path Might Be Infeasible,FB_NNOSPMBI,BUG,Critical,
,Parameter Must Be Nonnull But Marked As Nullable,FB_NPMBNBMAN,CODE_SMELL,Critical,
,Prefer Zero Length Arrays,FB_PPZLA,CODE_SMELL,Major,
,Private Read Resolve Not Inherited,FB_SPRRNI,CODE_SMELL,Major,
,Public Semaphores,FB_PPS,CODE_SMELL,Critical,
,Questionable For Loop,FB_QQFL,CODE_SMELL,Critical,
,Questionable Unsigned Right Shift,FB_IQURS,CODE_SMELL,Critical,
,Redundant Comparison Of Null And Nonnull Value,FB_RRCONANV,CODE_SMELL,Critical,
,Redundant Comparison Two Null Values,FB_RRCTNV,CODE_SMELL,Critical,
,Redundant Interfaces,FB_RRI,CODE_SMELL,Major,
,Redundant Nullcheck Of Nonnull Value,FB_RRNONV,CODE_SMELL,Critical,
,Redundant Nullcheck Of Null Value,FB_RcRNONV,CODE_SMELL,Critical,
,Rem Of Hashcode,FB_RROH,CODE_SMELL,Critical,
,Rem Of Random Int,FB_RRORI,CODE_SMELL,Critical,
,Return Value Ignored Inferred,FB_RRVII,CODE_SMELL,Minor,
,Suspect Servlet Instance Field,FB_MSSIF,CODE_SMELL,Critical,
,Suspect Struts Instance Field,FB_MtSSIF,CODE_SMELL,Critical,
,Switch Fallthrough,FB_MBIS,CODE_SMELL,Critical,
,Switch No Default,FB_DLNLISS,CODE_SMELL,Major,
,Thread Passed Where Runnable Expected,FB_DNUT,CODE_SMELL,Major,
,Transient Field Of Nonserializable Class,FB_STFONC,CODE_SMELL,Major,
,Unconfirmed Cast,FB_BUC,CODE_SMELL,Critical,
,Unconfirmed Cast Of Return Value,FB_BUCORV,CODE_SMELL,Critical,
,Unread Public Or Protected Field,FB_UUPOPF,CODE_SMELL,Info,
,Unsupported Method,FB_DUM,BUG,Major,
,Unused Public Or Protected Field,FB_UuUPOPF,CODE_SMELL,Info,
,Unusual,FB_EU,CODE_SMELL,Minor,
,Unwritten Public Or Protected Field,FB_UwUPOPF,CODE_SMELL,Minor,
,Useless Control Flow,FB_UUCF,CODE_SMELL,Critical,
,Useless Control Flow Next Line,FB_UUCFNL,CODE_SMELL,Critical,
,Useless Substring,FB_DUS,CODE_SMELL,Critical,
,Vacuous Bit Operation,FB_IVBO,CODE_SMELL,Critical,
,Vacuous Comparison,FB_IVC,CODE_SMELL,Critical,
,Vacuous Instanceof,FB_BVI,CODE_SMELL,Critical,
,Write To Static From Instance Method,FB_SWTSFIM,CODE_SMELL,Critical,
,Xml Factory Bypass,FB_XXFB,CODE_SMELL,Critical,
Internationalization Rules,Convert Case,FB_ULWCC,CODE_SMELL,Info,
,Default Encoding,FB_DDE,CODE_SMELL,Major,
Multithreaded Correctness Rules,Await Not In Loop,FB_WANIL,CODE_SMELL,Critical,
,Doublecheck,FB_DCL,BUG,Major,
,Empty Sync,FB_ESB,CODE_SMELL,Major,
,Field Not Guarded,FB_IFNG,BUG,Critical,
,Inconsistent Sync,FB_IIS,CODE_SMELL,Critical,
,Invoke On Static Calendar Instance,FB_SIOSCI,BUG,Critical,
,Invoke On Static Date Format Instance,FB_SIOSDFI,BUG,Critical,
,Invoke Run,FB_DCTR,CODE_SMELL,Major,
,Jsr166 Calling Wait Rather Than Await,FB_JJCWRTA,CODE_SMELL,Major,
,Jsr166 Lock Monitorenter,FB_JJLM,CODE_SMELL,Critical,
,Jsr166 Utilconcurrent Monitorenter,FB_JJUM,CODE_SMELL,Major,
,Lazy Init Static,FB_LLIS,BUG,Critical,
,Lazy Init Update Static,FB_LLIUS,BUG,Critical,
,Mismatched Notify,FB_MMN,BUG,Critical,
,Mismatched Wait,FB_MMW,BUG,Critical,
,Monitor Wait On Condition,FB_DMWOC,CODE_SMELL,Major,
,Mutable Servlet Field,FB_MMSF,CODE_SMELL,Major,
,Naked Notify,FB_NNN,CODE_SMELL,Critical,
,Not In Loop,FB_WNIL,CODE_SMELL,Critical,
,Notify Not Notifyall,FB_NNNN,BUG,Critical,
,Operation Sequence On Concurrent Abstraction,FB_AOSOCA,BUG,Major,
,Readobject Sync,FB_RRS,CODE_SMELL,Critical,
,Return Value Of Putifabsent Ignored,FB_RRVOPI,CODE_SMELL,Major,
,Sleep With Lock Held,FB_SSWLH,CODE_SMELL,Critical,
,Spin On Field,FB_SSOF,BUG,Major,
,Start In Ctor,FB_SSIC,BUG,Critical,
,Static Calendar Instance,FB_SSCI,BUG,Critical,
,Static Simple Date Format Instance,FB_SSSDFI,BUG,Critical,
,Sync And Null Check Field,FB_NSANCF,BUG,Major,
,Sync On Field To Guard Changing That Field,FB_MSOFTGCTF,CODE_SMELL,Major,
,Sync On Updated Field,FB_MSOUF,CODE_SMELL,Major,
,Sync Set Unsync Get,FB_USSUG,BUG,Major,
,Synchronization On Boolean,FB_DSOB,BUG,Critical,
,Synchronization On Boxed Primitive,FB_DSOBP,BUG,Critical,
,Synchronization On Shared Constant,FB_DSOSC,BUG,Critical,
,Synchronization On Unshared Boxed Primitive,FB_DSOUBP,BUG,Critical,
,Two Lock Wait,FB_TTLW,BUG,Major,
,Uncond Wait,FB_UUW,CODE_SMELL,Major,
,Unreleased Lock,FB_UUL,BUG,Critical,
,Unreleased Lock Exception Path,FB_UULEP,BUG,Critical,
,Useless Thread,FB_DUT,CODE_SMELL,Major,
,Using Getclass Rather Than Class Literal,FB_WUGRTCL,CODE_SMELL,Critical,
,Volatile Increment,FB_VVI,BUG,Critical,
,Volatile Reference To Array,FB_VVRTA,BUG,Major,
,Writeobject Sync,FB_WWS,BUG,Critical,
Optimization Rules,Blocking Methods On Url,FB_DBMOU,BUG,Blocker,
,Boolean Ctor,FB_DBC,CODE_SMELL,Major,
,Boxed Primitive For Parsing,FB_DBPFP,CODE_SMELL,Major,
,Boxed Primitive Tostring,FB_DBPT,CODE_SMELL,Major,
,Boxing Immediately Unboxed,FB_BBIU,BUG,Major,
,Boxing Immediately Unboxed To Perform Coercion,FB_BBIUTPC,BUG,Major,
,Collection Of Urls,FB_DCOU,BUG,Blocker,
,Fp Number Ctor,FB_DFNC,CODE_SMELL,Major,
,Gc,FB_DNCGCE,CODE_SMELL,Major,
,Huge Shared String Constant,FB_HHSSC,BUG,Critical,
,Inefficient Index Of,FB_IIIO,CODE_SMELL,Major,
,Inefficient Last Index Of,FB_IILIO,CODE_SMELL,Major,
,Inefficient To Array,FB_OTAC,CODE_SMELL,Critical,
,Inner Should Be Static,FB_SISBS,BUG,Major,
,Inner Should Be Static Anon,FB_SISBSA,BUG,Major,
,Inner Should Be Static Needs This,FB_SISBSNT,BUG,Major,
,New For Getclass,FB_ITGC,CODE_SMELL,Major,
,Nextint Via Nextdouble,FB_DNVN,CODE_SMELL,Major,
,Number Ctor,FB_UWOC,BUG,Critical,
,Should Be Static,FB_SSBS,CODE_SMELL,Major,
,String Ctor,FB_DSC,CODE_SMELL,Major,
,String Tostring,FB_STS,CODE_SMELL,Info,
,String Void Ctor,FB_DSVC,CODE_SMELL,Major,
,Unboxing Immediately Reboxed,FB_BUIR,BUG,Major,
,Uncalled Private Method,FB_UUPM,BUG,Critical,
,Unnecessary Math,FB_UUM,BUG,Critical,
,Unread Field,FB_UUF,CODE_SMELL,Major,
,Unused Field,FB_UuUF,CODE_SMELL,Major,
,Use Stringbuffer Concatenation,FB_USBFSA,BUG,Critical,
,Wrong Map Iterator,FB_WWMI,BUG,Critical,
Security Code Guideline Rules,Cannot Be Final,FB_MCBF,VULNERABILITY,Major,
,Create Classloader Inside Do Privileged,FB_DCCIDP,VULNERABILITY,Major,
,Do Inside Do Privileged,FB_DDIDP,VULNERABILITY,Major,
,Expose Rep,FB_MRIA,VULNERABILITY,Critical,
,Expose Rep2,FB_EiER,VULNERABILITY,Major,
,Expose Static Rep2,FB_EESR,VULNERABILITY,Major,
,Final Pkgprotect,FB_MFP,VULNERABILITY,Major,
,Mutable Array,FB_MMA,VULNERABILITY,Major,
,Mutable Hashtable,FB_MMH,VULNERABILITY,Major,
,Ooi Pkgprotect,FB_MOP,VULNERABILITY,Major,
,Pkgprotect,FB_MP,VULNERABILITY,Major,
,Public Should Be Protected,FB_FSBP,VULNERABILITY,Major,
,Should Be Final,FB_MSBF,VULNERABILITY,Major,
,Should Be Refactored To Be Final,FB_MSBRTBF,VULNERABILITY,Major,
Vulnerability Rules,Absolute Path Traversal,FB_PAPT,VULNERABILITY,Major,
,Constant Db Password,FB_DCDP,VULNERABILITY,Blocker,
,Empty Db Password,FB_DEDP,VULNERABILITY,Critical,
,Nonconstant String Passed To Execute,FB_SNSPTE,VULNERABILITY,Critical,
,Prepared Statement Generated From Nonconstant String,FB_SPSGFNS,VULNERABILITY,Critical,
,Relative Path Traversal,FB_PRPT,VULNERABILITY,Major,
,Request Parameter To Cookie,FB_HRPTC,VULNERABILITY,Major,
,Request Parameter To Http Header,FB_HRPTHH,VULNERABILITY,Major,
,Request Parameter To Jsp Writer,FB_XRPTJW,VULNERABILITY,Critical,
,Request Parameter To Send Error,FB_XRPTSE,VULNERABILITY,Critical,
,Request Parameter To Servlet Writer,FB_XRPTSW,VULNERABILITY,Critical,